epoch,steps,cosine_pearson,cosine_spearman,euclidean_pearson,euclidean_spearman,manhattan_pearson,manhattan_spearman,dot_pearson,dot_spearman
-1,-1,0.697490949107381,0.678472770850163,0.6725902139768442,0.6612235757402926,0.6795172535009663,0.6658624555220392,0.5634773449166276,0.5510047245388163
-1,-1,0.7255436853907666,0.6988243735419654,0.6967495154535682,0.6845562536880284,0.6939216672075734,0.6822697928628585,0.6457921940175559,0.6256375515273823
-1,-1,0.7341286177742300,0.7225098766483760,0.694992333181481	0.6842427349160060,0.6939329292502350,0.6830662826482140,0.624261376253178,0.624557465441668									